galaxy,galactic year,prd_1,prd_2,y,diff,mean
59,17.0,0.058548111372661554,0.051661473201500156,0.0541393612907225,0.006886638171161398,0.05510479228708086
124,17.0,0.14414027276191277,0.15424767300991687,0.15025119883825144,-0.010107400248004106,0.14919397288591482
12,17.0,0.04229045580814997,0.04212240484377172,0.03912459111124157,0.00016805096437824685,0.042206430325960845
149,17.0,0.21479874183763076,0.1930562206553813,0.18755680357709315,0.021742521182249452,0.20392748124650603
157,17.0,0.04229045580814997,0.0388691804767353,0.038659426169705864,0.003421275331414668,0.04057981814244263
62,17.0,0.05350294833590486,0.05332587963227739,0.05473747138179308,0.00017706870362747124,0.05341441398409112
68,17.0,0.0479766069361292,0.049520248341630796,0.05149038220530555,-0.001543641405501596,0.04874842763888
123,17.0,0.09478309480588579,0.09997971775497878,0.0997091669125556,-0.005196622949092997,0.09738140628043229
132,17.0,0.052367844358299886,0.05295680985573152,0.05349483782705533,-0.0005889654974316344,0.052662327107015704
69,17.0,0.05051475988810662,0.04928678498398224,0.052575521667080787,0.0012279749041243793,0.04990077243604443
56,17.0,0.0642710239060743,0.06868665791692292,0.06848664980691155,-0.004415634010848629,0.06647884091149861
10,17.0,0.15642046236654258,0.15590331803105745,0.15361248803656713,0.0005171443354851368,0.1561618901988
170,17.0,0.1992275229901374,0.2005748768917917,0.19426320150281728,-0.0013473539016543024,0.19990119994096456
103,17.0,0.14414027276191277,0.14249237848640128,0.14087648160712296,0.0016478942755114856,0.14331632562415703
63,17.0,0.07350789109455917,0.07268944491654378,0.07520564389834472,0.0008184461780153945,0.07309866800555148
66,17.0,0.18573476766526364,0.18311937710817122,0.1801130030309368,0.002615390557092423,0.18442707238671743
57,17.0,0.05738480529707274,0.059602955427287926,0.0587351382772684,-0.002218150130215188,0.05849388036218033
165,17.0,0.054991468080002354,0.05274330357074465,0.053510800541836434,0.0022481645092577024,0.0538673858253735
164,17.0,0.042959090503980904,0.042367870208344045,0.04065934002590421,0.0005912202956368587,0.04266348035616248
23,17.0,0.0542130477786091,0.05615684239727607,0.05665529089893584,-0.0019437946186669705,0.05518494508794258
53,17.0,0.06293522264114805,0.06901623262017717,0.06874115608691056,-0.00608100997902912,0.06597572763066262
134,17.0,0.06135885046198559,0.0643041437075979,0.06540320686252665,-0.002945293245612317,0.06283149708479174
2,18.0,0.17859685826255775,0.1893027982816309,0.19103590306128748,-0.010705940019073157,0.18394982827209433
79,18.0,0.08795727764396817,0.08718889570624931,0.08861641747592097,0.0007683819377188594,0.08757308667510874
106,18.0,0.04346533842613019,0.04153725464106108,0.04334588397475336,0.001928083785069111,0.042501296533595634
167,18.0,0.0425317049875101,0.04122808347479569,0.04200612735263598,0.0013036215127144105,0.04187989423115289
147,18.0,0.043373606280855,0.04420370971952661,0.04365900629048758,-0.0008301034386716116,0.04378865800019081
136,18.0,0.11840126117253574,0.11389085732837012,0.11703303063917593,0.0045104038441656225,0.11614605925045293
171,18.0,0.046437589358630085,0.047347551322079746,0.04970650636299623,-0.0009099619634496611,0.04689257034035492
10,18.0,0.15922556499045978,0.15585174457375262,0.15316769980212508,0.0033738204167071684,0.1575386547821062
40,18.0,0.40237577409390235,0.3910698741401425,0.3679956659920088,0.011305899953759857,0.3967228241170224
59,18.0,0.05752444869564459,0.05320553632799899,0.05375227854095799,0.004318912367645603,0.05536499251182179
149,18.0,0.22838674696630765,0.19515634290067702,0.1878053117445764,0.03323040406563063,0.21177154493349232
70,18.0,0.04172545630837547,0.03847276711003027,0.03918900774706768,0.0032526891983452044,0.04009911170920287
79,19.0,0.08752804917366308,0.08971181205247837,0.08959066051663322,-0.00218376287881529,0.08861993061307072
97,19.0,0.2608735442965906,0.265971798319967,0.2467517507940129,-0.005098254023376381,0.2634226713082788
60,19.0,0.05658859273027392,0.06185514151279921,0.06285416771335994,-0.0052665487825252905,0.05922186712153656
53,19.0,0.06113751671726625,0.06798076601799272,0.06862176515933338,-0.006843249300726467,0.06455914136762948
2,19.0,0.17658550602708234,0.19446689899007286,0.19191268077810053,-0.017881392962990517,0.1855262025085776
70,19.0,0.040172440168656814,0.03838787352209205,0.038968136981759716,0.0017845666465647614,0.039280156845374434
12,19.0,0.039483418263657075,0.04083937711136293,0.03857522027665372,-0.0013559588477058543,0.04016139768751
147,19.0,0.04186880509305996,0.04419435999400298,0.04332444161945415,-0.002325554900943022,0.04303158254353147
156,19.0,0.1488813412878507,0.14796433292697958,0.14180350454153245,0.0009170083608711077,0.14842283710741513
23,19.0,0.05223426216771257,0.055111355675770274,0.05671880708104105,-0.0028770935080577043,0.05367280892174142
8,19.0,0.056231540003573686,0.06176757256100834,0.06335816495807145,-0.00553603255743465,0.05899955628229101
13,19.0,0.04429415155806806,0.04706685722033257,0.048775464272581504,-0.0027727056622645074,0.045680504389200315
122,19.0,0.11851482134694147,0.13300953713394667,0.12694258863826968,-0.014494715787005202,0.12576217924044408
85,19.0,0.04288620400631918,0.04387678338209012,0.044614962086523824,-0.0009905793757709405,0.043381493694204645
164,19.0,0.040172440168656814,0.04257040386301713,0.040051079269107566,-0.0023979636943603153,0.041371422015836976
106,19.0,0.04199153973521989,0.041099375806143604,0.04304033544800978,0.0008921639290762895,0.04154545777068175
165,19.0,0.05305114770435214,0.05229026953683861,0.053125263362205584,0.0007608781675135304,0.05267070862059538
80,19.0,0.2578783310334757,0.2464353265175886,0.2460202203341381,0.01144300451588709,0.25215682877553214
115,19.0,0.04370368159457427,0.04581947903407922,0.049677589669521405,-0.002115797439504949,0.04476158031432675
13,20.0,0.042481333989577,0.046243540358329026,0.04857174660889108,-0.003762206368752026,0.04436243717395301
53,20.0,0.05993973638442001,0.0683043941466514,0.06825840644929171,-0.008364657762231394,0.06412206526553571
138,20.0,0.06475884051956138,0.07275260225490772,0.07386171829738464,-0.007993761735346341,0.06875572138723454
40,20.0,0.46415103091691423,0.4024880031036773,0.3699686786346564,0.061663027813236904,0.4333195170102958
39,20.0,0.05767938977816986,0.06165385208432075,0.0627841420901526,-0.003974462306150887,0.05966662093124531
12,20.0,0.03753833045634089,0.03982203086338643,0.038319350592447836,-0.0022837004070455427,0.03868018065986366
2,20.0,0.17418896915295062,0.19337226421456383,0.1917290303504537,-0.019183295061613204,0.18378061668375723
67,20.0,0.042152778429855584,0.044748391151517325,0.04864792158368747,-0.0025956127216617414,0.043450584790686454
124,20.0,0.1515813380104522,0.14960241944926533,0.15174554198090628,0.001978918561186871,0.15059187872985877
169,20.0,0.05190004523964061,0.05346301546673175,0.056777263169210175,-0.0015629702270911414,0.05268153035318618
167,20.0,0.03913965270794255,0.0377715892400302,0.04159774838238983,0.0013680634679123505,0.038455620973986374
15,20.0,0.06517451990288008,0.07164147796912232,0.07342034586160029,-0.006466958066242243,0.06840799893600119
14,20.0,0.054540974520142456,0.06031535709889153,0.06160863954843996,-0.005774382578749071,0.05742816580951699
24,20.0,0.04031841818690224,0.038522215560767493,0.044311005084004214,0.001796202626134745,0.03942031687383486
69,20.0,0.046588605208165934,0.04506822126688193,0.05192119200854206,0.0015203839412840023,0.04582841323752393
111,20.0,0.049393121707369106,0.05058193277762745,0.05317727983256226,-0.0011888110702583457,0.049987527242498275
107,21.0,0.036223235886902225,0.03537332841178847,0.03187800306472599,0.0008499074751137578,0.03579828214934534
53,21.0,0.058505785657944696,0.06599774251661274,0.058246388405007836,-0.0074919568586680405,0.06225176408727871
16,21.0,0.03616143982744671,0.03249193246383923,0.031476525286453394,0.00366950736360748,0.03432668614564297
121,21.0,0.03682107899738222,0.03272307835898692,0.0322220264245775,0.004098000638395299,0.03477207867818457
153,21.0,0.0368221207305693,0.03378192683926762,0.03156731522315258,0.003040193891301682,0.03530202378491846
15,21.0,0.06426480135540553,0.07087487894869718,0.0690442738728212,-0.006610077593291644,0.06756984015205136
45,21.0,0.0855187719916658,0.09237646223400967,0.07279372190293876,-0.006857690242343867,0.08894761711283773
12,21.0,0.03515100217558019,0.03565891758600877,0.0290765548816323,-0.0005079154104285777,0.03540495988079448
169,21.0,0.049858997393078766,0.04969538428316596,0.04753408250737379,0.00016361310991280797,0.04977719083812236
57,21.0,0.0519500901024718,0.054492901727899334,0.04988538063297554,-0.002542811625427535,0.05322149591518557
157,21.0,0.03515100217558019,0.03161364642866043,0.028311403330078533,0.003537355746919761,0.033382324302120306
172,21.0,0.03560751377034041,0.03183600156520147,0.029836174230962964,0.0037715122051389383,0.03372175766777094
18,21.0,0.046109617007245314,0.04428769496794706,0.04005077473280316,0.0018219220392982557,0.04519865598759619
62,21.0,0.04759440876554575,0.04914832464874985,0.04632026278266177,-0.001553915883204103,0.0483713667071478
108,21.0,0.042485531837017504,0.045152426354101736,0.04185857371019608,-0.0026668945170842326,0.043818979095559624
123,21.0,0.09411293869855518,0.10991392498760011,0.09471005624431927,-0.01580098628904493,0.10201343184307765
13,21.0,0.040170176416664816,0.040188235518420774,0.03952169622367574,-1.805910175595865e-05,0.04017920596754279
170,21.0,0.21208789392359573,0.2076807230882264,0.19308279864664835,0.004407170835369317,0.20988430850591105
102,21.0,0.04497325451877819,0.04240700128125173,0.041249064226768994,0.0025662532375264613,0.04369012790001496
120,22.0,0.17763362805057345,0.17937481688774395,0.1766751460637046,-0.0017411888371705042,0.1785042224691587
8,22.0,0.05065161440977542,0.060922715324472514,0.06718138156882257,-0.010271100914697094,0.05578716486712397
15,22.0,0.06329499382809721,0.06610071934800474,0.07027988931317343,-0.0028057255199075287,0.06469785658805097
13,22.0,0.03728661737910106,0.03471230169202318,0.04063821763503495,0.0025743156870778744,0.03599945953556212
161,22.0,0.03646422912628133,0.037980854870053656,0.035374942436992685,-0.0015166257437723221,0.03722254199816749
130,22.0,0.051387429060120456,0.04609803002292517,0.051004050504025344,0.005289399037195289,0.04874272954152281
18,22.0,0.04330073635804253,0.03467804927020991,0.042009706352078124,0.00862268708783262,0.03898939281412622
77,22.0,0.042237273225901026,0.04823760601032311,0.04816575031352577,-0.006000332784422087,0.045237439618112066
98,22.0,0.2618507598038727,0.22093732447725467,0.2578933972924297,0.04091343532661801,0.24139404214056367
118,22.0,0.03572510916136411,0.03909764429979291,0.039162503364513324,-0.003372535138428799,0.03741137673057851
172,22.0,0.03272445787470845,0.026779814878984363,0.029937024240156762,0.0059446429957240865,0.029752136376846407
41,22.0,0.03280667866891905,0.03264424717621914,0.030315618841955105,0.0001624314926999132,0.032725462922569094
51,22.0,0.03278287768317014,0.029502602318491222,0.029127115773828982,0.003280275364678918,0.03114274000083068
54,22.0,0.06839845918242834,0.07694375281779325,0.07148863094157787,-0.008545293635364909,0.0726711060001108
170,22.0,0.21618535248774423,0.2096310767934519,0.19451254727207207,0.006554275694292344,0.21290821464059806
65,22.0,0.05190023980231892,0.05382444391270118,0.049066418546699575,-0.0019242041103822577,0.05286234185751005
27,22.0,0.10182515906219243,0.07024315571550106,0.07390944009945499,0.03158200334669137,0.08603415738884675
112,22.0,0.12028471923330879,0.12110707320912056,0.12498513651410847,-0.0008223539758117765,0.12069589622121468
36,23.0,0.046135500729745614,0.047158965997178434,0.04972468719932655,-0.0010234652674328201,0.04664723336346202
148,23.0,0.2510232892856039,0.22962742554803678,0.2921736038411149,0.021395863737567133,0.24032535741682035
9,23.0,0.18211512542426112,0.16854589019077704,0.17241629478851372,0.013569235233484078,0.17533050780751908
41,23.0,0.02941774814226813,0.03319433241107365,0.02360845988917404,-0.003776584268805519,0.03130604027667089
73,23.0,0.2773913571517654,0.2767413481113688,0.2916731511352728,0.0006500090403965819,0.2770663526315671
139,23.0,0.0821689073810904,0.09247244535388521,0.08157964478301982,-0.010303537972794818,0.0873206763674878
13,23.0,0.03375659541665525,0.03417764606216723,0.032723768713814216,-0.0004210506455119764,0.033967120739411244
82,23.0,0.10381374300209334,0.10967616623762588,0.08099864713338367,-0.005862423235532543,0.10674495461985961
22,23.0,0.028606390267360615,0.024626642362692325,0.022966285074470738,0.00397974790466829,0.02661651631502647
154,23.0,0.05736019306505921,0.05867309123559885,0.058232809871380124,-0.0013128981705396378,0.058016642150329034
162,23.0,0.031400545167414765,0.025389738989063784,0.026287252995546014,0.00601080617835098,0.028395142078239274
98,23.0,0.2773913571517654,0.2737284902614717,0.3007085155521981,0.003662866890293659,0.2755599237066185
87,23.0,0.030752872888991534,0.030956671668928154,0.025347558315028,-0.00020379877993662032,0.030854772278959844
142,23.0,0.0669033534403761,0.0663799262025082,0.05169652249853207,0.0005234272378678989,0.06664163982144214
146,23.0,0.042821238275129195,0.047276126400194025,0.043371056176581324,-0.004454888125064831,0.045048682337661614
124,23.0,0.16105280286324533,0.17471465562413258,0.17737401695231514,-0.013661852760887244,0.16788372924368894
102,24.0,0.03418605129454375,0.031291824926637804,0.03492816232300555,0.0028942263679059485,0.03273893811059078
130,24.0,0.04620599135880486,0.037385501503128034,0.045426082534680834,0.008820489855676829,0.04179574643096645
74,24.0,0.024968687715454678,0.022084698735038502,0.024038123053465414,0.002883988980416176,0.02352669322524659
121,24.0,0.02665149567056768,0.024703321439883283,0.023207837623018257,0.0019481742306843956,0.025677408555225482
39,24.0,0.050121956671126594,0.040826957580680924,0.04923096930944658,0.00929499909044567,0.045474457125903756
47,24.0,0.025116251731012583,0.02205760404148057,0.02587576365208744,0.0030586476895320125,0.023586927886246577
16,24.0,0.025930758140673305,0.02341533703659804,0.02369088198229441,0.002515421104075266,0.02467304758863567
44,24.0,0.02621331023763797,0.023684704447403657,0.023305000222532343,0.0025286057902343118,0.024949007342520813
32,24.0,0.3319807886417445,0.3308470860396002,0.3160903795008936,0.001133702602144293,0.33141393734067237
80,24.0,0.28720119854292636,0.28260909414315305,0.3002725662711433,0.004592104399773311,0.2849051463430397
40,24.0,0.7234920811891397,0.4710783292593251,0.6768333887903424,0.2524137519298146,0.5972852052242323
131,24.0,0.02750750423604715,0.023634079897890077,0.030899073840094268,0.003873424338157072,0.025570792066968613
143,24.0,0.128340949862009,0.11447902027944043,0.10199047565600207,0.013861929582568572,0.12140998507072472
77,24.0,0.03442311104551926,0.03666573489189302,0.043012257151328386,-0.002242623846373762,0.03554442296870614
160,24.0,0.024726616117145862,0.02402635886982967,0.02462217514735565,0.0007002572473161911,0.024376487493487767
28,24.0,0.04031048267864126,0.03660730206680421,0.04445956355261282,0.0037031806118370536,0.038458892372722736
93,24.0,0.02776871002981817,0.02377155141928971,0.03136023704830915,0.003997158610528462,0.02577013072455394
125,24.0,0.023778254477376554,0.027684562025555026,0.016351768796064814,-0.003906307548178473,0.02573140825146579
8,25.0,0.04055142698448015,0.052501060575484516,0.06141418820313116,-0.011949633591004365,0.04652624377998234
5,25.0,0.29350816043024186,0.26330570434614,0.3452396986503221,0.03020245608410188,0.2784069323881909
37,25.0,0.27961074653983425,0.2044907486285371,0.2713843208005844,0.07511999791129714,0.24205074758418568
145,25.0,0.021673555501336764,0.026722598215730614,0.01987372863104253,-0.00504904271439385,0.024198076858533688
53,25.0,0.04985499662037007,0.04279420801084888,0.047829504443082316,0.007060788609521196,0.046324602315609476
173,25.0,0.032176483327202826,0.037290223930394696,0.034700858468219464,-0.00511374060319187,0.03473335362879876
110,25.0,0.04547307850134302,0.05780143558378839,0.0611762269489533,-0.012328357082445368,0.05163725704256571
57,25.0,0.04003934559434981,0.037177641840494685,0.03759808130987918,0.0028617037538551243,0.03860849371742225
48,25.0,0.021744772774777325,0.02172279306474901,0.023371119168863246,2.1979710028315752e-05,0.02173378291976317
25,25.0,0.02352593888070653,0.03513615982127746,0.02583852414893129,-0.011610220940570931,0.029331049350991997
84,25.0,0.09438337947496428,0.07938644362619544,0.10120535275333063,0.014996935848768836,0.08688491155057987
69,25.0,0.028000156607336544,0.028897615326569696,0.036743027141527766,-0.0008974587192331525,0.028448885966953122
0,25.0,0.02072657043106148,0.028936291917906122,0.016824252166084297,-0.00820972148684464,0.024831431174483803
112,25.0,0.12376866453988389,0.132917821590581,0.13608612764461805,-0.009149157050697104,0.12834324306523243
149,25.0,0.314564112668809,0.38855436151014466,0.5253458574534273,-0.07399024884133565,0.35155923708947684
121,25.0,0.021989327187688507,0.022533631961284592,0.019507507385986056,-0.0005443047735960854,0.02226147957448655
117,25.0,0.05340950260793115,0.07608312271915081,0.07442760168170026,-0.022673620111219664,0.06474631266354097
111,25.0,0.031143404057121387,0.028039554698596758,0.034301110973918865,0.003103849358524629,0.029591479377859074
24,25.0,0.022274092389018736,0.02588718343013601,0.02282903883005816,-0.003613091041117275,0.024080637909577374
42,25.0,0.0454595361912708,0.06020115137143135,0.042324156150834964,-0.014741615180160553,0.052830343781351076
96,25.0,0.02808138933971036,0.04238617777130904,0.03672461455139031,-0.014304788431598683,0.0352337835555097
15,17.0,0.06800355747900351,0.07230754395690009,0.0732202294168024,-0.004303986477896579,0.07015555071795179
111,17.0,0.05213569195379382,0.05220559814601426,0.05355366099592851,-6.990619222044248e-05,0.05217064504990404
135,17.0,0.04245959234385198,0.03979468425003414,0.03955758436671242,0.002664908093817836,0.04112713829694306
9,17.0,0.1590472317790485,0.14822818580578773,0.1534501556369653,0.010819045973260777,0.15363770879241812
144,17.0,0.05822883795290604,0.0560341699402883,0.060556329935321125,0.002194668012617737,0.05713150394659717
130,17.0,0.05805276539839156,0.060307583557023745,0.062012571782719024,-0.0022548181586321825,0.05918017447770765
169,17.0,0.054803931370837736,0.055269530768462624,0.05719619410442101,-0.00046559939762488844,0.05503673106965018
13,17.0,0.046543690152792555,0.04967107489212552,0.04945229788390526,-0.003127384739332967,0.04810738252245904
151,17.0,0.056979074667672866,0.059991098970402765,0.06045066749217243,-0.0030120243027298987,0.058485086819037815
16,17.0,0.04328119964881155,0.038582461620536246,0.04121841890812217,0.004698738028275307,0.0409318306346739
60,17.0,0.05814206547964996,0.06087435458930042,0.06301524080449182,-0.002732289109650461,0.05950821003447519
121,17.0,0.04359599523942878,0.03961904584177504,0.04184939658191178,0.003976949397653744,0.041607520540601906
122,17.0,0.13281734020681107,0.13117879930841297,0.1259606003712248,0.0016385408983980998,0.13199806975761202
107,17.0,0.043567951947752225,0.04132013503041881,0.04191388590892442,0.0022478169173334173,0.042444043489085516
29,17.0,0.05316525783325361,0.051870901270960695,0.05428118624386169,0.001294356562292917,0.052518079552107154
32,17.0,0.23057701881295378,0.23876352995849115,0.2301307648030145,-0.008186511145537367,0.23467027438572247
156,17.0,0.13879616206357803,0.1442572594099077,0.14066105661905925,-0.0054610973463296575,0.14152671073674286
41,17.0,0.042832580641403294,0.04146288873647376,0.03953878944134681,0.0013696919049295334,0.042147734688938523
127,17.0,0.19736605484893757,0.20218407828721485,0.19771599442576449,-0.00481802343827728,0.1997750665680762
76,17.0,0.059339509032978646,0.0646659662915036,0.06435768041981682,-0.005326457258524958,0.062002737662241125
67,17.0,0.04648097221882863,0.04884764273955959,0.049436784714789295,-0.0023666705207309596,0.04766430747919411
159,17.0,0.056663524002295816,0.05817278567452435,0.0592246844386406,-0.0015092616722285346,0.05741815483841008
144,18.0,0.05715425763812311,0.055977343513664214,0.060422404383192914,0.0011769141244588957,0.056565800575893666
121,18.0,0.042401175556116125,0.038929895880867836,0.04162155026422798,0.0034712796752482886,0.04066553571849198
134,18.0,0.0607767200941088,0.06443063909593527,0.06504019416215956,-0.003653919001826468,0.06260367959502204
157,18.0,0.041035698000007476,0.03691953608998396,0.03825930193941796,0.004116161910023515,0.03897761704499572
108,18.0,0.047325321689749025,0.050338031715855734,0.050491254598271966,-0.003012710026106709,0.048831676702802376
63,18.0,0.07300937341118213,0.07453548382842996,0.07532831507569793,-0.0015261104172478307,0.07377242861980604
125,18.0,0.040011824828968194,0.038385347405252505,0.03442863823658726,0.0016264774237156887,0.03919858611711035
145,18.0,0.04186525388293706,0.04094803713762606,0.040433099444333036,0.0009172167453109989,0.04140664551028156
39,18.0,0.06043195889441921,0.06409640348822934,0.06380592766410997,-0.003664444593810129,0.06226418119132428
74,18.0,0.04121946321261391,0.03919871532852422,0.03896582198247522,0.0020207478840896936,0.040209089270569064
29,18.0,0.0522744204250854,0.052316173443557726,0.054100477060412884,-4.1753018472326375e-05,0.05229529693432156
66,18.0,0.19184723334988937,0.18437256060054633,0.1802536720535884,0.007474672749343048,0.18810989697521785
26,18.0,0.043479145770517855,0.04565568000726061,0.0430108449662977,-0.002176534236742758,0.044567412888889234
107,18.0,0.04238284498690541,0.04055868240363564,0.04166515467903886,0.00182416258326977,0.04147076369527052
122,18.0,0.13158917438167753,0.1297427458313644,0.12673603851646684,0.0018464285503131395,0.13066596010652096
135,18.0,0.04121946321261391,0.03929588398894137,0.03921850250569437,0.0019235792236725405,0.040257673600777644
83,18.0,0.04122893386472397,0.03779333063891512,0.03886334652846657,0.003435603225808846,0.03951113225181954
9,18.0,0.16102792451179607,0.1492757048475017,0.15337577044701545,0.011752219664294378,0.1551518146796489
80,18.0,0.24887749239263898,0.25369273846803964,0.24240226832891176,-0.004815246075400653,0.2512851154303393
173,18.0,0.05236049981876859,0.054112302173873,0.05472688397512016,-0.001751802355104408,0.05323640099632079
159,18.0,0.0556668394292451,0.05648721080956912,0.05887868137995224,-0.0008203713803240226,0.05607702511940711
40,19.0,0.4173577766503142,0.38435816117888233,0.3688644966163373,0.032999615471431876,0.40085796891459824
134,19.0,0.059763048148949366,0.06300278825582567,0.0649362794178332,-0.0032397401068763043,0.06138291820238752
83,19.0,0.039671124795711554,0.037350858967026654,0.03862132444698319,0.0023202658286849004,0.038510991881369104
172,19.0,0.04006316991784422,0.03752606057789729,0.039426192658924115,0.0025371093399469274,0.038794615247870756
170,19.0,0.20644542392782658,0.20899817429650605,0.19962920452982413,-0.0025527503686794684,0.20772179911216632
29,19.0,0.05109698287904336,0.050714410244901954,0.05384399130065809,0.00038257263414140374,0.050905696561972656
173,19.0,0.051177512028754465,0.053170956198540856,0.05445718865431903,-0.0019934441697863903,0.05217423411364766
16,19.0,0.040571396539295354,0.03797657657347787,0.04094518225265742,0.0025948199658174867,0.039273986556386614
48,19.0,0.040888138337176846,0.03970317805302484,0.042342052164199284,0.0011849602841520063,0.04029565819510084
130,19.0,0.05568973442471323,0.06100824141816735,0.06224493021433364,-0.005318506993454125,0.05834898792144029
117,19.0,0.0634181133280485,0.06608260691466046,0.06740050872257741,-0.0026644935866119573,0.06475036012135449
59,19.0,0.05593017785096173,0.05241950540692705,0.053595063069605264,0.0035106724440346765,0.05417484162894439
127,19.0,0.20010915270836419,0.20507875072846443,0.19826179483109474,-0.0049695980201002465,0.20259395171841432
20,19.0,0.09192092181687814,0.09931438137868834,0.09635776304363153,-0.007393459561810201,0.09561765159778324
147,20.0,0.04045344777548514,0.0413081790177045,0.0429522015094026,-0.0008547312422193601,0.040880813396594815
125,20.0,0.03642497898509975,0.036028620336359105,0.03375033465565125,0.00039635864874064397,0.03622679966072943
9,20.0,0.1663365327492781,0.15255951969357584,0.15626400463336332,0.013777013055702253,0.15944802622142695
97,20.0,0.260960069047363,0.2652979414075951,0.2477862090130601,-0.004337872360232087,0.26312900522747906
66,20.0,0.19920967482670998,0.18747644985649803,0.18082311142221907,0.011733224970211953,0.193343062341604
16,20.0,0.03866000758113355,0.036381870536727326,0.04074004684063482,0.0022781370444062213,0.03752093905893043
27,20.0,0.09720755168930921,0.10263645405258276,0.10214756122842672,-0.0054289023632735495,0.09992200287094599
74,20.0,0.03769636079658188,0.03745510436043126,0.0383747279027874,0.00024125643615062475,0.03757573257850657
79,20.0,0.0856977854191529,0.09096689781504874,0.08649087879853934,-0.005269112395895836,0.08833234161710082
159,20.0,0.053048374952675316,0.05508356951681598,0.058356583026382365,-0.002035194564140662,0.05406597223474564
32,20.0,0.25674643260933644,0.24725019755306088,0.2346883235596412,0.00949623505627556,0.25199831508119863
50,20.0,0.037969389533489245,0.03736917249573938,0.039168664865770086,0.0006002170377498658,0.03766928101461431
151,20.0,0.05316250598782975,0.056530250735756626,0.060339718152851225,-0.003367744747926879,0.05484637836179319
103,20.0,0.1529876756034094,0.14307560654233498,0.1427115153644395,0.009912069061074419,0.1480316410728722
106,20.0,0.040231295237443315,0.03955814080276752,0.043021640160540116,0.0006731544346757976,0.03989471802010541
130,20.0,0.05423739513593468,0.05896885109720207,0.061838141722383326,-0.004731455961267388,0.05660312311656837
89,20.0,0.05250598253959487,0.052911654067772096,0.05671246246811412,-0.00040567152817722746,0.052708818303683486
76,20.0,0.055870820398856214,0.06254343213157966,0.06396859419486799,-0.006672611732723446,0.05920712626521794
57,20.0,0.05316250598782975,0.05541305353174755,0.05829233637318909,-0.002250547543917805,0.05428777975978865
20,20.0,0.09130223690366404,0.10013497658721918,0.09616704429707068,-0.008832739683555135,0.09571860674544161
108,20.0,0.04420452334742303,0.048241723511141234,0.05065582894862186,-0.004037200163718203,0.04622312342928213
85,20.0,0.04125538869597913,0.04228001134380113,0.04438398722928394,-0.0010246226478220002,0.041767700019890136
127,20.0,0.2014807268219665,0.21700702117995824,0.198897458188667,-0.015526294357991743,0.20924387400096237
67,21.0,0.04000987529132661,0.04232910818334556,0.03827040659356884,-0.0023192328920189492,0.041169491737336084
30,21.0,0.049578509784996984,0.049508644166742756,0.0519504427336166,6.986561825422788e-05,0.04954357697586987
56,21.0,0.06061983829048116,0.06293945093791171,0.0651416869609891,-0.0023196126474305523,0.06177964461419644
151,21.0,0.051189370296253804,0.05300672282531214,0.054087541609062366,-0.0018173525290583331,0.05209804656078297
91,21.0,0.03889143047087876,0.03695931125666386,0.036802327647812,0.0019321192142148988,0.037925370863771304
117,21.0,0.061498293071475196,0.06092528324006323,0.06537172991951268,0.0005730098314119664,0.06121178815576921
69,21.0,0.04436742351239198,0.04244536014783322,0.045179709198499673,0.0019220633645587598,0.0434063918301126
85,21.0,0.03896382546301355,0.038411138826368596,0.03540268155775728,0.0005526866366449557,0.038687482144691074
2,21.0,0.18287009412417288,0.2082267878763174,0.14388356063625066,-0.025356693752144527,0.19554844100024515
124,21.0,0.16159777307158354,0.15444518385473865,0.16366235078726646,0.00715258921684489,0.1580214784631611
26,21.0,0.03788143208658429,0.038603273276858,0.034004847202478206,-0.0007218411902737143,0.038242352681721145
60,21.0,0.052770635728118284,0.05718236176431461,0.052756152749114715,-0.004411726036196328,0.05497649874621645
164,21.0,0.035728226768539595,0.03531653646938144,0.030297448509223224,0.00041169029915815586,0.035522381618960513
156,21.0,0.14175250120160415,0.15741674581864984,0.13980258360631315,-0.015664244617045686,0.149584623510127
136,21.0,0.11908581490940162,0.11358613229332225,0.11544096152141947,0.005499682616079374,0.11633597360136194
130,21.0,0.05258556855425815,0.05478750660885412,0.053374287487620416,-0.002201938054595967,0.053686537581556136
50,21.0,0.03555586983998403,0.03277540125289758,0.031152283068152983,0.00278046858708645,0.03416563554644081
80,21.0,0.27240250913465835,0.270009132332297,0.2668248366078867,0.0023933768023613466,0.27120582073347765
145,21.0,0.03605170829689912,0.033604385786874004,0.030761479036043763,0.002447322510025114,0.034828047041886565
165,21.0,0.04893775389072309,0.047048292765328674,0.04488968959604312,0.001889461125394419,0.04799302332802588
32,21.0,0.2690285570570007,0.24395222356546392,0.3087296088594771,0.025076333491536762,0.25649039031123233
129,21.0,0.21523137586148744,0.21797072344484109,0.2295639262988524,-0.0027393475833536463,0.21660104965316426
171,22.0,0.03797488285198081,0.03721372706377837,0.040040122219084366,0.0007611557882024403,0.03759430495787959
163,22.0,0.03571549025267524,0.03819358805937844,0.03496618408624952,-0.002478097806703203,0.03695453915602684
59,22.0,0.05056391726233927,0.0380267443454823,0.04527033809605519,0.012537172916856971,0.04429533080391078
49,22.0,0.06009529975867459,0.06714300997501393,0.05970816010829784,-0.007047710216339341,0.06361915486684426
79,22.0,0.07950712556691135,0.07865304238305151,0.08394405551709594,0.0008540831838598356,0.07908008397498142
46,22.0,0.18767600828095807,0.18272040444446397,0.18377772082064348,0.004955603836494099,0.185198206362711
151,22.0,0.04878046666105074,0.047509780223868245,0.05437913949808404,0.0012706864371824986,0.0481451234424595
58,22.0,0.05562843780163286,0.0636022148775471,0.06873596626029921,-0.007973777075914235,0.05961532633958998
124,22.0,0.16565884020144958,0.16755534382865522,0.16461510576054195,-0.0018965036272056424,0.16660709201505242
158,22.0,0.03605609201120122,0.036258838281477315,0.03736552052604458,-0.00020274627027609682,0.03615746514633927
127,22.0,0.20422391695188322,0.22631092335892167,0.21466536035461686,-0.02208700640703845,0.21526742015540246
87,22.0,0.034293361658265686,0.036441783899650394,0.0326099898718869,-0.002148422241384708,0.03536757277895804
24,22.0,0.03509398065567525,0.02734506383400058,0.034379392903710615,0.007748916821674667,0.031219522244837913
78,22.0,0.0427224864217816,0.044974637809169174,0.04233988858917892,-0.0022521513873875743,0.04384856211547539
105,22.0,0.28438012804250373,0.2653060031018441,0.2973822307763281,0.01907412494065963,0.2748430655721739
6,22.0,0.03313993819894781,0.03265703696671243,0.029434942574053213,0.0004829012322353776,0.03289848758283012
14,22.0,0.05025911105488899,0.04292876045631831,0.050659084432048807,0.0073303505985706785,0.04659393575560365
70,22.0,0.032815040232780535,0.027479303648142515,0.030127556317415264,0.005335736584638019,0.030147171940461525
40,23.0,0.591027533081282,0.4626348577145663,0.6838126553011508,0.12839267536671567,0.5268311953979241
120,23.0,0.1797239536770236,0.19027710588795382,0.18297772924399447,-0.010553152210930228,0.1850005297824887
168,23.0,0.03260862927377653,0.03349612994975124,0.029698058054093424,-0.0008875006759747131,0.03305237961176388
14,23.0,0.048157164370625186,0.04232611880728096,0.04327392980926759,0.005831045563344225,0.04524164158895307
88,23.0,0.040608488064540454,0.03659876453867672,0.03992356902305394,0.004009723525863734,0.03860362630160859
72,23.0,0.07334597154304288,0.08049114823710235,0.06772728572260589,-0.007145176694059466,0.07691855989007262
158,23.0,0.03260862927377653,0.03047501920248661,0.028679827691124208,0.0021336100712899195,0.031541824238131566
10,23.0,0.17766335230583083,0.1981103625753639,0.20874386080373866,-0.020447010269533078,0.18788685744059735
131,23.0,0.03180982010316509,0.03234633100117137,0.030617184795357463,-0.0005365108980062774,0.032078075552168225
29,23.0,0.042359220362579775,0.039134004468161745,0.04290066956678706,0.0032252158944180292,0.04074661241537076
107,23.0,0.030632190138950105,0.02984305643305036,0.024953600761151832,0.0007891337058997458,0.030237623286000232
81,23.0,0.031139445098560974,0.029660974734633694,0.02596723325130756,0.0014784703639272798,0.030400209916597334
8,23.0,0.05025719760901698,0.06224125398030313,0.05731891909858944,-0.011984056371286148,0.05624922579466005
155,23.0,0.08395101228731605,0.08949169931035485,0.0688189563278877,-0.005540687023038796,0.08672135579883544
163,23.0,0.03223877178795005,0.03165129994828397,0.027515805538159133,0.0005874718396660789,0.03194503586811701
127,24.0,0.20696715166532811,0.30673303278776,0.22507382392615802,-0.09976588112243187,0.25685009222654404
20,24.0,0.08355569674370811,0.09736528288550839,0.09017211744922893,-0.013809586141800279,0.09046048981460825
34,24.0,0.02847991020528267,0.027658074714161235,0.02986242495898639,0.0008218354911214351,0.028068992459721952
33,24.0,0.02738962311832547,0.023760027802900277,0.026719877382152868,0.0036295953154251923,0.025574825460612873
15,24.0,0.06041507897371065,0.05763495897993278,0.0646915464584139,0.00278011999377787,0.05902501897682172
153,24.0,0.02692752161209732,0.027994369679229247,0.023754486265426308,-0.0010668480671319272,0.027460945645663284
97,24.0,0.29997644472867063,0.3260670016830405,0.2759187856883576,-0.026090556954369848,0.31302172320585553
137,24.0,0.025425319826768857,0.02584291073508166,0.019158586872537908,-0.0004175909083128024,0.025634115280925258
146,24.0,0.039923555444577395,0.03758100283647891,0.044124930277653074,0.002342552608098486,0.03875227914052815
128,24.0,0.04453664463285457,0.04869400446593725,0.055527555891332736,-0.0041573598330826855,0.04661532454939591
53,24.0,0.05353867635889472,0.051167608970073455,0.052298554333569225,0.0023710673888212644,0.052353142664484084
50,24.0,0.02487227272632298,0.025540588277131855,0.024361549054233368,-0.0006683155508088769,0.02520643050172742
4,25.0,0.3225178696271189,0.22405736655437028,0.2859398504564049,0.09846050307274865,0.2732876180907446
80,25.0,0.33485561515987317,0.41122297426996557,0.2709300906424744,-0.0763673591100924,0.37303929471491937
38,25.0,0.023382047346160794,0.03304662771353573,0.0241293711491758,-0.009664580367374939,0.02821433752984826
3,25.0,0.10436468373578749,0.14250371894559707,0.13720160024834127,-0.03813903520980959,0.12343420134069227
16,25.0,0.020965299102555988,0.022549395868507675,0.020228531388395088,-0.0015840967659516876,0.021757347485531833
45,25.0,0.07278725590418489,0.06841461917271999,0.07241077325563694,0.004372636731464902,0.07060093753845244
143,25.0,0.11851343276784787,0.10948508177979138,0.14004425940640994,0.009028350988056488,0.11399925727381963
94,25.0,0.025026650484984054,0.03157129083245239,0.030117163535696486,-0.006544640347468333,0.02829897065871822
106,25.0,0.02283115703475076,0.024166509729063944,0.02361653872979863,-0.0013353526943131848,0.02349883338190735
50,25.0,0.019945470388470207,0.021901850270033392,0.02125347740776073,-0.0019563798815631847,0.0209236603292518
27,25.0,0.12489348879658865,0.07456173743807333,0.06934837281636164,0.05033175135851532,0.099727613117331
129,25.0,0.23977333069704357,0.28150112156481333,0.2417295769081358,-0.04172779086776976,0.26063722613092843
172,25.0,0.020331147334105938,0.020076717772723705,0.01837082966435777,0.00025442956138223283,0.020203932553414822
90,25.0,0.023220159148919714,0.024368860137739423,0.024187015793245337,-0.0011487009888197092,0.02379450964332957
20,17.0,0.09201651753164662,0.09851919891182664,0.09661292568814928,-0.006502681380180023,0.09526785822173664
14,17.0,0.05809601952396576,0.06263049239313204,0.06179498891553248,-0.004534472869166278,0.0603632559585489
160,17.0,0.04243208898533422,0.04020572078492036,0.040598949795350385,0.0022263682004138585,0.04131890488512729
152,17.0,0.04278512315443164,0.03979966745181116,0.04042177741882103,0.0029854557026204806,0.0412923953031214
50,17.0,0.04257371644954647,0.040276499408619396,0.039984866607606806,0.0022972170409270715,0.04142510792908293
2,17.0,0.19038862639456308,0.19698720514898843,0.18887569431579765,-0.006598578754425349,0.19368791577177574
45,17.0,0.08742013298648,0.08778116578446575,0.08972788859885282,-0.00036103279798574417,0.08760064938547288
39,17.0,0.060988186805689584,0.06369866136093799,0.06417022849958443,-0.002710474555248407,0.06234342408331379
48,17.0,0.04359874037556137,0.0411509845751943,0.04284456247615953,0.002447755800367074,0.042374862475377834
40,17.0,0.37624980315145173,0.38861381134712525,0.3681720055002857,-0.012364008195673515,0.3824318072492885
114,17.0,0.042309593523540634,0.039515759172541576,0.03798206044140473,0.002793834350999058,0.040912676348041105
18,17.0,0.05157166219705707,0.05113510747438096,0.05212708930706656,0.0004365547226761121,0.05135338483571901
97,17.0,0.24545895248666214,0.2497771738652939,0.2451056200028197,-0.004318221378631776,0.247618063175978
6,17.0,0.04281381956504764,0.0421095631278339,0.03974336121704836,0.0007042564372137378,0.04246169134644077
145,17.0,0.04332889976232008,0.04139706727019835,0.04073986080838954,0.0019318324921217267,0.042362983516259216
172,17.0,0.04277294711259665,0.03904728393093762,0.04006004667116092,0.003725663181659032,0.04091011552176714
136,17.0,0.11595029624907831,0.11506626951367163,0.11693149589799975,0.0008840267354066761,0.11550828288137496
152,18.0,0.041578809503271606,0.040080914261638415,0.04009945585875385,0.0014978952416331917,0.04082986188245501
111,18.0,0.05213770332023883,0.05264230576850425,0.05366383125045593,-0.0005046024482654177,0.05239000454437154
130,18.0,0.057517173033661856,0.06139094588426454,0.06264643145911343,-0.003873772850602683,0.0594540594589632
15,18.0,0.06784959040926714,0.0724741913983829,0.07319143506412706,-0.004624600989115768,0.07016189090382502
53,18.0,0.062444200652055776,0.06932869846887059,0.06860469699061855,-0.0068844978168148135,0.06588644956046319
103,18.0,0.14832133951728638,0.14008531504975746,0.14162379062271524,0.008236024467528913,0.14420332728352192
156,18.0,0.14832133951728638,0.1459732457675419,0.14131676579545582,0.0023480937497444843,0.14714729264241413
56,18.0,0.06382155477201251,0.06775248124909593,0.06889715674865404,-0.003930926477083416,0.06578701801055423
165,18.0,0.05349426268340476,0.05278268413638079,0.05322964021566712,0.0007115785470239652,0.05313847340989278
30,18.0,0.05419439301809176,0.05598532751990929,0.0564865610793498,-0.001790934501817533,0.05508986026900052
6,18.0,0.04158737064966237,0.04168187131160259,0.03934969132724042,-9.450066194022222e-05,0.04163462098063248
138,18.0,0.0670447715835336,0.07387847295989765,0.07386029572491626,-0.006833701376364049,0.07046162227171562
50,18.0,0.04138196399648922,0.040241836045312444,0.039692716966151835,0.001140127951176774,0.040811900020900835
97,18.0,0.24969700339544298,0.2505676512801872,0.24772569749078865,-0.0008706478847442245,0.2501323273378151
160,18.0,0.04123464585231674,0.04091244350622806,0.0403120069958931,0.00032220234608867915,0.0410735446792724
91,18.0,0.04442758823150027,0.04470192418662208,0.04707113075690572,-0.0002743359551218155,0.044564756209061175
67,18.0,0.04565359094765263,0.05048659005355226,0.04942154462174553,-0.004832999105899627,0.048070090500602444
85,18.0,0.04450998697896179,0.046663549917900955,0.044800489372381236,-0.0021535629389391672,0.045586768448431375
12,18.0,0.04110770766404408,0.04245313276943366,0.03883222333590541,-0.0013454251053895833,0.04178042021673887
73,18.0,0.2257256327316467,0.2273207672884917,0.21782645150418767,-0.0015951345568450126,0.2265232000100692
167,19.0,0.04117828433224023,0.04135397998471537,0.04187802476723046,-0.0001756956524751399,0.0412661321584778
73,19.0,0.23468952703939774,0.22886442576992305,0.21826147032291188,0.005825101269474692,0.23177697640466038
171,19.0,0.04530325217001631,0.04713421729584037,0.049508244921799394,-0.0018309651258240633,0.04621873473292834
132,19.0,0.05021685377644168,0.051683452672597566,0.05294909648310675,-0.0014665988961558851,0.05095015322451962
107,19.0,0.04081253032729426,0.042284431217453136,0.04151567885684948,-0.0014719008901588754,0.0415484807723737
50,19.0,0.03986331902100447,0.04016819867319723,0.03944243448296514,-0.0003048796521927591,0.040015758847100846
108,19.0,0.0463940882284768,0.04991619471255973,0.05056934119440072,-0.0035221064840829305,0.04815514147051826
136,19.0,0.11970417148124543,0.11468025517750076,0.11792485817954244,0.005023916303744672,0.1171922133293731
157,19.0,0.03969786114102386,0.03792744601291451,0.03795541837429184,0.001770415128109347,0.03881265357696918
68,19.0,0.0458198933959053,0.04795914403820956,0.051059523043284316,-0.0021392506423042607,0.04688951871705743
129,19.0,0.21005336095007363,0.20483562735785824,0.1990735648673176,0.00521773359221539,0.20744449415396593
67,19.0,0.04434099152122544,0.0499983822277147,0.04921307980739409,-0.005657390706489261,0.04716968687447007
69,19.0,0.048139626765001095,0.04781057273386845,0.05211910001870057,0.0003290540311326473,0.04797509974943477
103,19.0,0.15095513952998155,0.139368147924348,0.14211622779769084,0.011586991605633534,0.14516164372716478
45,19.0,0.08675992293708121,0.09031715697818153,0.09069847251963503,-0.003557234041100324,0.08853853995763136
121,19.0,0.04086926380150721,0.039051670607512204,0.04144398393377313,0.0018175931939950069,0.03996046720450971
62,19.0,0.051444100691853414,0.05298791722880255,0.05419970090919657,-0.0015438165369491344,0.05221600896032798
26,19.0,0.04200329730980888,0.043696352987534416,0.0428980997093662,-0.0016930556777255343,0.04284982514867165
172,20.0,0.03817446641406329,0.037605519165881174,0.039151864647067436,0.000568947248182114,0.03788999278997223
10,20.0,0.16548135536960434,0.17460067991530043,0.15394144531734533,-0.009119324545696084,0.17004101764245239
115,20.0,0.0422763050266531,0.044674611735718094,0.04953812546246117,-0.00239830670906499,0.0434754583811856
135,20.0,0.03779178418890141,0.03694830610569294,0.03859548238072075,0.0008434780832084696,0.03737004514729718
83,20.0,0.03795300520016731,0.037179816562565374,0.0383243119152944,0.0007731886376019376,0.03756641088136634
156,20.0,0.15374702201545754,0.14850516533652844,0.14240544293903154,0.005241856678929097,0.151126093675993
122,20.0,0.11597034136605062,0.1298256687675255,0.12715689520653006,-0.013855327401474868,0.12289800506678805
121,20.0,0.039017873660757256,0.038864116185946235,0.041204873068168224,0.00015375747481102126,0.03894099492335175
68,20.0,0.044130193119459225,0.04687032885898941,0.050867026197641496,-0.002740135739530185,0.045500260989224314
153,20.0,0.03937968394434713,0.03964146004759106,0.040882424559017035,-0.0002617761032439325,0.03951057199596909
114,20.0,0.03766448157037167,0.0366547843588689,0.037092228377700535,0.0010096972115027705,0.037159632964620284
129,20.0,0.21465143588972957,0.20886967879477203,0.19947054208958748,0.00578175709495754,0.2117605573422508
73,20.0,0.2450792363341566,0.2285582425062121,0.21872189720728108,0.016520993827944502,0.23681873942018433
8,20.0,0.056231461429542516,0.06156883816177657,0.06352968662983738,-0.005337376732234056,0.058900149795659544
59,20.0,0.05474554664697788,0.0513724296734534,0.05326515020515521,0.0033731169735244787,0.05305898816021564
134,20.0,0.05859552609251298,0.061805631468926855,0.0647789799343168,-0.003210105376413877,0.06020057878071992
23,20.0,0.05060471680045123,0.05495519529909342,0.05686013923397281,-0.004350478498642195,0.05277995604977233
60,20.0,0.055775079403083044,0.06136943201723997,0.06269761633472926,-0.005594352614156924,0.0585722557101615
56,20.0,0.06161879898561331,0.06759860383352706,0.06865700093624473,-0.005979804847913751,0.06460870140957019
171,20.0,0.04359277146916326,0.0463910104344827,0.0491838592782704,-0.002798238965319444,0.04499189095182298
41,20.0,0.03816543603320047,0.03929448412870674,0.038835811607258235,-0.0011290480955062701,0.0387299600809536
62,20.0,0.04987615624751314,0.05018871564740566,0.05436711976685837,-0.00031255939989251885,0.0500324359474594
136,20.0,0.1204068335540379,0.11556998193793036,0.11709632476403985,0.004836851616107543,0.11798840774598413
173,20.0,0.04990868018275362,0.05214841567743504,0.054191733643308086,-0.0022397354946814205,0.05102854793009433
144,20.0,0.05528020699733467,0.05473684555842602,0.0603273403056438,0.0005433614389086516,0.055008526277880346
70,21.0,0.03583773788642425,0.03210160687795173,0.029598382711092275,0.003736131008472518,0.03396967238218799
134,21.0,0.05719809913410748,0.059728429202748984,0.05727423073617077,-0.0025303300686415064,0.05846326416842823
73,21.0,0.25702269653883403,0.23725303890328633,0.2612715160062916,0.019769657635547694,0.24713786772106017
109,21.0,0.03638041024467619,0.0334660091823393,0.03055308036134285,0.0029144010623368896,0.03492320971350775
115,21.0,0.04004309906966583,0.03992820729420652,0.0404025253886513,0.00011489177545930679,0.03998565318193617
83,21.0,0.03558624621105281,0.03164868824841094,0.027815756834139616,0.00393755796264187,0.03361746722973187
9,21.0,0.1693097568030409,0.15777684824649468,0.16581009245474165,0.011532908556546206,0.1635433025247678
64,21.0,0.0393166563591314,0.03841131848808451,0.037819746486514434,0.0009053378710468865,0.03886398742360796
74,21.0,0.035450754445531224,0.03133944354120987,0.030095460546850968,0.004111310904321354,0.03339509899337055
41,21.0,0.03583773788642425,0.036170292388901425,0.029675349366938275,-0.0003325545024771767,0.03600401513766284
132,21.0,0.04655947221844914,0.04651367320899937,0.04445855711835457,4.5799009449766503e-05,0.04653657271372426
127,21.0,0.20807069567841496,0.22179729638236256,0.2085606865213756,-0.0137266007039476,0.21493399603038876
173,21.0,0.04788366834094064,0.049321115446398646,0.042659104604193865,-0.0014374471054580049,0.04860239189366965
59,21.0,0.05297371635257037,0.046699016852514534,0.044779478441468464,0.006274699500055839,0.04983636660254245
135,21.0,0.035450754445531224,0.031059369968171616,0.029662701515655417,0.004391384477359608,0.03325506220685142
97,21.0,0.2633538510912904,0.2686227474635451,0.29443013282453634,-0.005268896372254694,0.26598829927741774
107,22.0,0.03394111616951288,0.028749868815496696,0.032254327635960145,0.005191247354016187,0.03134549249250479
81,22.0,0.03460987695217233,0.031015068155326744,0.032830905619621216,0.0035948087968455875,0.03281247255374954
2,22.0,0.201288655025129,0.16645508484157417,0.14448057002876502,0.03483357018355482,0.18387186993335158
16,22.0,0.033584129839259375,0.027336672329137897,0.03130346803562223,0.006247457510121478,0.030460401084198636
145,22.0,0.03394125890645121,0.029552729489489324,0.031132167408660538,0.004388529416961884,0.031746994197970266
149,22.0,0.2582325043784851,0.3202564039637524,0.35145420591820953,-0.06202389958526727,0.28924445417111877
84,22.0,0.0907557041873028,0.09403711437859388,0.08699519366837105,-0.0032814101912910787,0.09239640928294834
102,22.0,0.041965023531899,0.03492787906204544,0.041500240585539035,0.007037144469853561,0.03844645129697222
10,22.0,0.17477245250623613,0.20052137564588013,0.19214610080964634,-0.025748923139643998,0.18764691407605813
135,22.0,0.03261448458503716,0.02871851075581533,0.029926699766922863,0.003895973829221827,0.030666497670426243
26,22.0,0.035192596684464214,0.03286958423767481,0.03468644104065921,0.0023230124467894034,0.034031090461069516
173,22.0,0.045340583400527136,0.03740647411905818,0.044089398299118836,0.007934109281468954,0.04137352875979266
119,22.0,0.033307649452939354,0.03402290462798282,0.029539423849437082,-0.0007152551750434638,0.033665277040461086
155,22.0,0.08342125239536105,0.09187599565549193,0.08872811069314024,-0.008454743260130876,0.08764862402542649
88,22.0,0.0435387605973354,0.05297454037797188,0.045700417933264965,-0.009435779780636477,0.04825665048765364
74,22.0,0.03261448458503716,0.027944077937678523,0.030187550273680475,0.004670406647358634,0.03027928126135784
141,23.0,0.02961578010849523,0.02746462385164622,0.020578219211250248,0.002151156256849012,0.028540201980070727
137,23.0,0.029667351905833545,0.027109037016641538,0.020226293785719832,0.0025583148891920073,0.02838819446123754
166,23.0,0.05588347541755873,0.049210033940949666,0.049250642764791734,0.006673441476609067,0.052546754679254196
58,23.0,0.05415357185412223,0.06822620354786128,0.057746689763714436,-0.014072631693739054,0.061189887700991756
32,23.0,0.29949467912040506,0.3381872490483426,0.3079324716515069,-0.038692569927937515,0.3188409640843738
16,23.0,0.03022662733942756,0.02730591804056448,0.02400430797400721,0.0029207092988630806,0.02876627268999602
47,23.0,0.029357077201970012,0.027112258591797986,0.02591282735476641,0.0022448186101720266,0.028234667896884
44,23.0,0.030567537196584255,0.027825305966862786,0.02296010638762036,0.0027422312297214688,0.02919642158172352
149,23.0,0.2965571240621726,0.4786750911968618,0.3455692099107136,-0.1821179671346892,0.3876161076295172
104,23.0,0.26596228104113157,0.4044568312979155,0.3560840380405331,-0.13849455025678392,0.3352095561695235
116,23.0,0.45776761038217506,0.5023220872149037,0.4774821345113504,-0.04455447683272862,0.48004484879853937
33,23.0,0.03175750652483493,0.030126754649873515,0.02472461468121445,0.0016307518749614155,0.030942130587354223
147,23.0,0.03213116612353577,0.03075388031890957,0.02560500109335695,0.001377285804626198,0.031442523221222665
55,23.0,0.030756832040420276,0.027448742883501798,0.024210223045562085,0.0033080891569184784,0.029102787461961037
93,23.0,0.032257512701346636,0.03157565900417016,0.03164117191328075,0.0006818536971764724,0.0319165858527584
118,23.0,0.03303991242449805,0.03330165498522352,0.03221430407351189,-0.00026174256072546837,0.03317078370486079
72,24.0,0.06433526052708101,0.06521128988288474,0.06780960526819124,-0.0008760293558037341,0.06477327520498288
6,24.0,0.025828140987673977,0.02904055077603438,0.022342460862820213,-0.003212409788360404,0.02743434588185418
83,24.0,0.025099535004796104,0.02504775239289231,0.02085788363613428,5.178261190379521e-05,0.025073643698844204
165,24.0,0.03948625578401129,0.03724641429922455,0.040508347506673766,0.002239841484786738,0.03836633504161792
45,24.0,0.06854972808700152,0.07320388778522811,0.07654353199834796,-0.004654159698226593,0.07087680793611481
141,24.0,0.025621851994537627,0.026596254187523052,0.021611470407909672,-0.0009744021929854255,0.02610905309103034
164,24.0,0.02564676783194226,0.03128488150488469,0.022922969489554967,-0.005638113672942431,0.028465824668413475
10,24.0,0.18706233817626303,0.22354176595763445,0.18860744850969013,-0.03647942778137142,0.20530205206694874
112,24.0,0.1258082130951248,0.11917068023918698,0.12429867010355268,0.006637532855937822,0.12248944666715589
111,24.0,0.037339145394111956,0.03450002866768511,0.036289976232829035,0.002839116726426845,0.03591958703089854
109,24.0,0.026885899058243054,0.025506043739088782,0.02396399331834476,0.0013798553191542717,0.026195971398665918
150,24.0,0.06131642165694837,0.08031723819797618,0.07780200372640611,-0.01900081654102781,0.07081682992746227
75,24.0,0.024450302337203557,0.02599660306566296,0.01673317302087074,-0.0015463007284594044,0.02522345270143326
148,24.0,0.2655333998499025,0.3196072634937486,0.2804153876368496,-0.05407386364384609,0.29257033167182556
166,24.0,0.05359134932738605,0.04125641858719825,0.047247311953345535,0.0123349307401878,0.04742388395729215
140,24.0,0.2862417962620647,0.19590698610181248,0.1751489248648419,0.09033481016025222,0.24107439118193857
76,24.0,0.047911654187954206,0.04970199003512499,0.04930612394797751,-0.001790335847170782,0.0488068221115396
134,24.0,0.05138721594362492,0.036245504632092675,0.04658284429049908,0.015141711311532247,0.0438163602878588
169,25.0,0.036343088721609705,0.039479407190339794,0.0402059460940426,-0.0031363184687300885,0.03791124795597475
79,25.0,0.062304568901992693,0.09071690194507195,0.07040723977404417,-0.02841233304307926,0.07651073542353232
167,25.0,0.022915343256246584,0.025349752632668116,0.025291508834358826,-0.0024344093764215313,0.02413254794445735
64,25.0,0.02414812516534781,0.028352550670691375,0.027596331589416656,-0.004204425505343563,0.026250337918019593
92,25.0,0.051182100693654996,0.07119017757536582,0.07413909543022756,-0.020008076881710822,0.0611861391345104
95,25.0,0.020949360919946338,0.021592060326999125,0.023905698414304344,-0.0006426994070527874,0.02127071062347273
126,25.0,0.02636987093193025,0.03872623520800605,0.029892894918634668,-0.0123563642760758,0.03254805306996815
52,25.0,0.47877442721734936,0.5307181029615489,0.4731186783816829,-0.0519436757441995,0.5047462650894491
15,25.0,0.05790861681400469,0.0594513751231877,0.05972430594633316,-0.0015427583091830038,0.058679995968596195
157,25.0,0.02053136104205055,0.021710844227885412,0.01668525206516669,-0.0011794831858348634,0.02112110263496798
60,25.0,0.04411681393514395,0.03778270706068988,0.04696662033272847,0.006334106874454071,0.04094976049791692
11,25.0,0.042266961141680146,0.04045898255874855,0.021056951468640617,0.0018079785829315936,0.04136297185021435
138,25.0,0.058364323051540955,0.07013581299414198,0.062210843649145524,-0.011771489942601028,0.06425006802284147
22,25.0,0.020000885652481364,0.019869169757799815,0.018822266956007642,0.0001317158946815486,0.01993502770514059
122,25.0,0.08564109851257759,0.10753390729091554,0.10006923473462837,-0.02189280877833795,0.09658750290174656
73,17.0,0.21371642423488588,0.22256326853178168,0.21723244979225093,-0.008846844296895806,0.21813984638333378
91,17.0,0.04546314106339869,0.04560222341545682,0.047275376042677175,-0.00013908235205813135,0.04553268223942775
117,17.0,0.06395478617400731,0.06517427923639597,0.06754551847115386,-0.0012194930623886657,0.06456453270520164
147,17.0,0.044897943031132884,0.04460450196310506,0.044041671646298686,0.0002934410680278249,0.04475122249711897
64,17.0,0.04546314106339869,0.04653727977947378,0.04713391520343047,-0.0010741387160750904,0.04600021042143623
89,17.0,0.05656273776728293,0.055421804247334006,0.05759515254997605,0.0011409335199489279,0.05599227100730847
108,17.0,0.04857568379229954,0.048466549107255744,0.05049320473731711,0.00010913468504379631,0.04852111644977764
115,17.0,0.04618618541263152,0.04734871116377703,0.05003547689373389,-0.0011625257511455114,0.04676744828820427
26,17.0,0.04464744022285849,0.04377893799234309,0.04322055106855327,0.0008685022305154055,0.04421318910760079
57,18.0,0.05624932174184637,0.058009344551957484,0.05848502234080855,-0.001760022810111117,0.057129333146901926
151,18.0,0.05687524998731831,0.05897831588708475,0.0600661228128272,-0.002103065899766436,0.057926782937201535
170,18.0,0.19840391128739243,0.193815709259988,0.19934079894936807,0.0045882020274044255,0.19610981027369023
62,18.0,0.05238373209365292,0.05250568922258809,0.05462466127162746,-0.00012195712893516703,0.05244471065812051
169,18.0,0.05445964711042223,0.05570573043128143,0.05707055530061767,-0.0012460833208592023,0.05508268877085183
153,18.0,0.042724224099150526,0.040173859072726636,0.04128545377603832,0.0025503650264238897,0.04144904158593858
114,18.0,0.04093837129219176,0.038341530816023185,0.037636726194285264,0.002596840476168573,0.039639951054107475
172,18.0,0.04171452513626827,0.038644404420643826,0.03969636357196171,0.0030701207156244442,0.04017946477845605
8,18.0,0.057289389791239334,0.06353335737180307,0.06339979706833042,-0.006243967580563739,0.060411373581521204
18,18.0,0.050782305486136395,0.050993360546535964,0.05181488903145204,-0.00021105506039956895,0.050887833016336176
69,18.0,0.05000340288741263,0.04860849749592325,0.052343952732226695,0.0013949053914893844,0.04930595019166794
24,18.0,0.043794942074811175,0.04234034194006275,0.044664133006544704,0.001454600134748421,0.043067642007436964
129,18.0,0.20129957149069314,0.2033386541006746,0.19856188167910585,-0.002039082609981452,0.20231911279568388
109,18.0,0.041983281631031356,0.03950996480379646,0.0406637913992145,0.002473316827234895,0.04074662321741391
117,18.0,0.06305096998457448,0.06493606738869658,0.06767794679786787,-0.0018850974041220991,0.06399351868663553
76,18.0,0.05863170296931182,0.06562881264075428,0.06435332276857607,-0.0069971096714424585,0.06213025780503305
48,18.0,0.04240298191817043,0.04042786898512153,0.0425247149305924,0.001975112933048896,0.041415425451645976
14,18.0,0.05700037346870259,0.0619337525627635,0.06151823507722221,-0.0049333790940609065,0.05946706301573304
123,18.0,0.0927467190807891,0.09943136605588576,0.10131421836644684,-0.006684646975096659,0.09608904256833743
27,19.0,0.096718800581859,0.10367189935310515,0.1028081685822484,-0.006953098771246155,0.10019534996748208
63,19.0,0.07275046827659706,0.07484519246604485,0.07524804046247491,-0.002094724189447783,0.07379783037132095
125,19.0,0.03855347133778993,0.038739198656679956,0.03412645573977492,-0.00018572731889002908,0.03864633499723494
10,19.0,0.16388038495827492,0.15472833450472717,0.15349114573940925,0.00915205045354775,0.15930435973150103
6,19.0,0.0401577155458179,0.04045918086301541,0.03920571678777497,-0.00030146531719751207,0.04030844820441666
91,19.0,0.04293211923951516,0.04500241430479395,0.04703435203104278,-0.002070295065278789,0.043967266772154553
64,19.0,0.04293211923951516,0.044122679926108195,0.04677498373183942,-0.0011905606865930327,0.04352739958281168
32,19.0,0.2534336311889062,0.24188904982560488,0.23323529872235305,0.011544581363301332,0.24766134050725555
152,19.0,0.040295754375842936,0.039002819066578445,0.03986720843141789,0.001292935309264491,0.039649286721210694
114,19.0,0.03939305782210181,0.03804338416597252,0.037373043613042944,0.0013496736561292924,0.03871822099403717
74,19.0,0.03968152399971603,0.038022962021626514,0.0386611526606333,0.001658561978089515,0.03885224301067127
160,19.0,0.03965193888462909,0.03924579330040789,0.04025480004209359,0.0004061455842212028,0.03944886609251849
66,19.0,0.18748952193128116,0.18469432986480422,0.1806110740475625,0.002795192066476937,0.1860919258980427
76,19.0,0.057538523345471174,0.0646849485445237,0.06422944110430517,-0.007146425199052522,0.061111735944997435
39,19.0,0.059375215757822855,0.06415012127585897,0.06339307137174477,-0.00477490551803611,0.06176266851684091
9,19.0,0.1616593421661429,0.14905290815446315,0.1541300417350533,0.01260643401167974,0.155356125160303
56,19.0,0.06211923185533516,0.06638475504179969,0.06877888647161046,-0.0042655231864645315,0.06425199344856743
89,19.0,0.05446208509663761,0.05622639492656137,0.0568999072215346,-0.0017643098299237603,0.05534424001159949
151,19.0,0.05576023006317589,0.05755326040082803,0.06022335653973021,-0.0017930303376521434,0.05665674523200196
153,19.0,0.04119696066410059,0.03938431556442532,0.04110356657182235,0.0018126450996752697,0.04029063811426296
18,19.0,0.04953624387393312,0.049977128161044784,0.05155329364598205,-0.00044088428711166333,0.04975668601748895
63,20.0,0.07164248057441912,0.07308627286826146,0.07496805766819226,-0.0014437922938423386,0.07236437672134029
164,20.0,0.03846560275588791,0.039644070202885955,0.03968598835729487,-0.0011784674469980452,0.03905483647938693
157,20.0,0.03774760625732583,0.03686909019520622,0.03760671189234055,0.0008785160621196109,0.037308348226266025
26,20.0,0.04011856061144612,0.04266964918868558,0.042776061531835774,-0.0025510885772394576,0.04139410490006585
30,20.0,0.051680045632834015,0.055014131198560634,0.05715491556648234,-0.003334085565726619,0.053347088415697325
109,20.0,0.03851747884558637,0.03801204473417126,0.040291506182747794,0.0005054341114151123,0.038264761789878816
145,20.0,0.03866714824995976,0.03808256607504775,0.039415918574164266,0.0005845821749120086,0.03837485716250376
48,20.0,0.03899435431639517,0.038212174631884054,0.04220423235155092,0.0007821796845111154,0.038603264474139615
132,20.0,0.04847525415402252,0.05071840275089081,0.05274291348962268,-0.0022431485968682913,0.049596828452456665
123,20.0,0.09133250910812732,0.10349799922821988,0.10183256874377168,-0.012165490120092562,0.09741525416817359
18,20.0,0.0479129164104974,0.0494284957929005,0.05138036851417594,-0.0015155793824030983,0.04867070610169895
45,20.0,0.08810090634593518,0.0892377477405609,0.09041186235851197,-0.0011368413946257205,0.08866932704324804
29,20.0,0.04953801193286135,0.04902745456248264,0.05370190415592602,0.0005105573703787086,0.049282733247671996
144,21.0,0.053687477129935206,0.05346662139531677,0.05436535564201861,0.0002208557346184345,0.05357704926262599
138,21.0,0.06237235989278063,0.07178951900806242,0.06785612064818748,-0.009417159115281792,0.06708093945042153
125,21.0,0.03425637736421802,0.03559953337922806,0.024167632829951047,-0.00134315601501004,0.03492795537172304
147,21.0,0.03795678874611791,0.038027585403089946,0.03426367114303508,-7.079665697203724e-05,0.03799218707460393
40,21.0,0.47801143711755467,0.4155581269855476,0.5504836830750172,0.062453310132007056,0.44678478205155114
14,21.0,0.05290128290034353,0.05883921304689904,0.04975606659222853,-0.005937930146555512,0.055870247973621286
10,21.0,0.17534162446412768,0.16229053711550784,0.19075565324532304,0.013051087348619844,0.16881608078981775
149,21.0,0.23872204961948695,0.19359756287950874,0.3064625422675257,0.04512448673997821,0.21615980624949785
122,21.0,0.1187560848218733,0.13483134671668467,0.09971018296013978,-0.01607526189481137,0.126793715769279
63,21.0,0.07021652087389708,0.07178575589706512,0.06874252462184582,-0.001569235023168039,0.07100113838548111
167,21.0,0.03686175656275424,0.035532531710466594,0.032900828850629726,0.001329224852287647,0.03619714413661042
76,21.0,0.054595311356461104,0.06204082049135598,0.05541515846229938,-0.007445509134894876,0.05831806592390854
111,21.0,0.046860603762542474,0.047665253178206225,0.0432149985768302,-0.000804649415663751,0.047262928470374346
48,21.0,0.036632231433412724,0.03514824127880449,0.03262280129575157,0.0014839901546082335,0.03589023635610861
8,21.0,0.05344375660616075,0.06030718736402742,0.06583360489308465,-0.006863430757866669,0.056875471985094087
6,21.0,0.03580818128018494,0.03421104637975183,0.029234410686047707,0.00159713490043311,0.03500961382996838
24,21.0,0.037994619040865596,0.03676168571011876,0.03421451281814192,0.0012329333307468382,0.03737815237549218
138,22.0,0.06088867594772371,0.06477891070171966,0.06893376539976792,-0.0038902347539959553,0.06283379332472169
64,22.0,0.03585568285066881,0.03474802437136757,0.038014524378673364,0.001107658479301242,0.03530185361101819
48,22.0,0.033744200179977854,0.029383178401055386,0.033879573684722934,0.004361021778922468,0.03156368929051662
29,22.0,0.04501154046014706,0.04096727973919498,0.0495815449310929,0.004044260720952084,0.04298941009967102
129,22.0,0.22918143597564142,0.2610662089393694,0.2238476958235005,-0.031884772963727964,0.2451238224575054
104,22.0,0.274968287494406,0.2088832636792597,0.32951173489924024,0.0660850238151463,0.24192577558683284
132,22.0,0.04392161797635555,0.03878084293524996,0.044145243751739886,0.005140775041105591,0.04135123045580275
82,22.0,0.09703390150990163,0.09316139967849299,0.10058175074356868,0.003872501831408637,0.09509765059419731
90,22.0,0.0355187249149278,0.03501248370546208,0.03566210883855925,0.0005062412094657201,0.035265604310194945
52,22.0,0.39991042701295954,0.3371397131279369,0.3403767167661645,0.06277071388502264,0.3685250700704482
97,22.0,0.27477859851622755,0.303992626381977,0.2818826803331135,-0.029214027865749448,0.28938561244910227
152,22.0,0.033040081736299895,0.02887692303579404,0.029770769760114387,0.004163158700505855,0.030958502386046968
63,22.0,0.06842738996737588,0.06614086309842657,0.06970164971776238,0.0022865268689493123,0.06728412653290122
154,22.0,0.05742401590835704,0.0633187928496329,0.066012921483531,-0.005894776941275867,0.06037140437899497
136,22.0,0.1221027870576497,0.11710920438113258,0.1172507083519867,0.0049935826765171165,0.11960599571939114
168,22.0,0.03585568285066881,0.03774974435076675,0.03613160038830898,-0.0018940615000979377,0.03680271360071778
46,23.0,0.20307578337071622,0.18787670265638964,0.1824435461134636,0.015199080714326574,0.19547624301355293
43,23.0,0.10368253234627399,0.105789326829868,0.12214893958330465,-0.0021067944835940072,0.10473592958807099
35,23.0,0.07340177609720339,0.07829656428352649,0.06367391601387884,-0.004894788186323107,0.07584917019036494
54,23.0,0.06571746197334147,0.06842127238417646,0.06566260265235202,-0.002703810410834992,0.06706936717875897
102,23.0,0.03841090159370285,0.03281127564601373,0.03537269133105325,0.005599625947689119,0.03561108861985829
105,23.0,0.284078411073705,0.3414420163598803,0.32151776337891497,-0.05736360528617529,0.31276021371679263
135,23.0,0.02899706202536572,0.02847580442408483,0.02245229202201181,0.0005212576012808903,0.028736433224725275
18,23.0,0.04013614896520079,0.03233681086808073,0.03580254312377107,0.007799338097120058,0.036236479916640765
20,23.0,0.08515359412179956,0.1060960495527857,0.09148761277014096,-0.020942455430986148,0.09562482183729262
6,23.0,0.02936151798523943,0.03103590688854553,0.022197278762296047,-0.0016743889033061024,0.03019871243689248
113,23.0,0.037808424102334544,0.029863060789716546,0.030764269300312064,0.007945363312617998,0.033835742446025545
112,23.0,0.12308267787117422,0.1277570371889144,0.12207489918336335,-0.004674359317740184,0.1254198575300443
140,23.0,0.26321897177319087,0.1798633098134003,0.1936595778465363,0.08335566195979058,0.22154114079329557
59,23.0,0.0489987480625225,0.03739122302121934,0.038584016487532964,0.011607525041303163,0.04319498554187092
75,23.0,0.028314453714474476,0.02618919225328801,0.016852470985467494,0.0021252614611864673,0.027251822983881242
127,23.0,0.2182874478707625,0.24809578034135213,0.21899814176572507,-0.029808332470589616,0.23319161410605732
78,23.0,0.03896550017678745,0.03135397063281604,0.03618970033292357,0.007611529543971415,0.035159735404801745
52,23.0,0.42205580516922164,0.4058403786845939,0.439572080696226,0.01621542648462776,0.41394809192690774
15,23.0,0.06093483791380593,0.06643527184296563,0.0627362912081918,-0.0055004339291597,0.06368505487838579
132,23.0,0.040810014933512925,0.03614891994263579,0.03790267039380602,0.004661094990877135,0.03847946743807436
86,23.0,0.030281588902767092,0.026609127659841726,0.02299119877673628,0.0036724612429253657,0.028445358281304407
39,23.0,0.052835169830361,0.047984558689197446,0.04797491549288524,0.004850611141163558,0.050409864259779225
108,24.0,0.03203042064443411,0.03352093573972902,0.03627431200741826,-0.0014905150952949156,0.03277567819208156
29,24.0,0.03819735623595656,0.03516568101129308,0.04305302517885445,0.00303167522466348,0.03668151862362482
86,24.0,0.02605241850979282,0.02693475100386055,0.023263989558669484,-0.0008823324940677307,0.026493584756826685
132,24.0,0.037053503613436234,0.033708574841203064,0.038098520032076255,0.0033449287722331703,0.03538103922731965
124,24.0,0.1622293889968285,0.1812590484695366,0.1827370278738405,-0.0190296594727081,0.17174421873318257
167,24.0,0.026160976775383503,0.02683543204123527,0.028452278128989983,-0.0006744552658517686,0.026498204408309387
68,24.0,0.03184131769928076,0.03440516191213037,0.036685606079973065,-0.0025638442128496086,0.033123239805705564
87,24.0,0.02647520423105286,0.032379555043964996,0.025431174314853092,-0.005904350812912136,0.029427379637508928
149,24.0,0.35935975393606934,0.4112173680609653,0.3395351795893422,-0.05185761412489598,0.3852885609985173
135,24.0,0.024887945932567275,0.025994798637097305,0.02219217083886227,-0.00110685270453003,0.02544137228483229
117,24.0,0.055039426184217366,0.05879720553569613,0.07676613841106428,-0.0037577793514787655,0.05691831585995675
154,24.0,0.052988547435875125,0.04970873978144435,0.06468488053247734,0.003279807654430776,0.05134864360865973
21,24.0,0.11850660220042288,0.12856946044694245,0.13519394903757145,-0.010062858246519576,0.12353803132368266
9,24.0,0.18367232949473578,0.17218914821976464,0.1784906625927447,0.011483181274971138,0.1779307388572502
78,24.0,0.03507687379360861,0.028092292771389166,0.03832707041538942,0.006984581022219445,0.031584583282498885
98,24.0,0.27986075156743473,0.33386587010842433,0.3042773458433887,-0.054005118540989605,0.3068633108379295
35,24.0,0.06960618129397916,0.05985564465582805,0.06582581480493488,0.009750536638151112,0.0647309129749036
18,24.0,0.03636056814924049,0.03024893116645868,0.03588221945441361,0.006111636982781811,0.03330474965784959
41,24.0,0.024948065989161144,0.03087146700685167,0.02395406653599608,-0.005923401017690528,0.02790976649800641
170,25.0,0.2607106328724111,0.22909207084240385,0.20400181026350395,0.031618562030007236,0.24490135185740747
7,25.0,0.021115374655516578,0.022871237039020664,0.017418495579061055,-0.0017558623835040865,0.02199330584726862
77,25.0,0.03159914209896601,0.03141175814932273,0.03995161828448024,0.00018738394964327998,0.03150545012414437
160,25.0,0.020078096727017436,0.022481742853969137,0.020995610334551003,-0.0024036461269517015,0.021279919790493287
98,25.0,0.2943730935575519,0.35282559981737055,0.31797768228011536,-0.058452506259818626,0.32359934668746126
75,25.0,0.019626555162036142,0.023683357195924723,0.013036451766586963,-0.004056802033888581,0.02165495617898043
171,25.0,0.02515032884798753,0.032291389843886804,0.028504606665181963,-0.007141060995899274,0.02872085934593717
133,25.0,0.026206989209255963,0.04418413528511321,0.03934795121513812,-0.017977146075857247,0.035195562247184585
100,25.0,0.020153104239138058,0.02322305860477456,0.015928900188688092,-0.0030699543656365035,0.021688081421956308
26,25.0,0.021637700272014945,0.02942591267915641,0.0256590450048898,-0.007788212407141466,0.02553180647558568
87,25.0,0.02160220368409328,0.02777499127528614,0.02248752431638901,-0.006172787591192861,0.02468859747968971
154,25.0,0.05026878645846104,0.059956691544328006,0.06867321593285802,-0.009687905085866963,0.055112739001394524
164,25.0,0.02064295427075895,0.02916909199849623,0.018556587671487046,-0.00852613772773728,0.024906023134627593
70,25.0,0.020301499993245608,0.022526785386151167,0.018325643887434958,-0.0022252853929055592,0.021414142689698386
163,25.0,0.02255831199713255,0.027361341366235532,0.024014634042638927,-0.004803029369102981,0.02495982668168404
36,25.0,0.04208960868366472,0.04126014288051979,0.04400237055228662,0.000829465803144934,0.04167487578209225
71,25.0,0.021192982067957753,0.02430014876155573,0.018646374817063882,-0.0031071666935979757,0.02274656541475674
101,25.0,0.04565151172962831,0.054565831068036315,0.05674225031386215,-0.008914319338408007,0.05010867139883231
153,25.0,0.02119664021512487,0.022433088083947485,0.02047181246359908,-0.0012364478688226162,0.02181486414953618
78,25.0,0.03046888810708875,0.027749047987235452,0.03197605933946679,0.0027198401198532986,0.0291089680471621
136,25.0,0.13501559333074137,0.13358037340910645,0.05877839555243014,0.0014352199216349226,0.1342979833699239
152,25.0,0.02035718740680259,0.0229722091526553,0.018399955123613143,-0.002615021745852708,0.021664698279728944
86,25.0,0.021075316825368368,0.02401495592991617,0.019483133702952626,-0.002939639104547802,0.02254513637764227
1,25.0,0.02314742985469131,0.027332108153619354,0.025843908441661186,-0.004184678298928043,0.02523976900415533
108,25.0,0.027060818591935768,0.027677787815891385,0.033303632673714945,-0.0006169692239556164,0.027369303203913578
24,17.0,0.04485022920360764,0.04249040447947474,0.044887961114126296,0.002359824724132903,0.04367031684154119
30,17.0,0.05495127142248801,0.05448885422017921,0.05665627727628144,0.00046241720230880135,0.05472006282133361
138,17.0,0.06816732114067278,0.07593423197671254,0.07402616923200911,-0.007766910836039753,0.07205077655869266
167,17.0,0.04375713013193984,0.04266105645314627,0.042398066954278835,0.001096073678793566,0.043209093292543056
173,17.0,0.05328283576397765,0.0552359649784198,0.05506279474072662,-0.0019531292144421494,0.054259400371198724
102,17.0,0.05078591062779854,0.05021156264276936,0.051471296774672326,0.0005743479850291791,0.05049873663528395
125,17.0,0.04152160166299441,0.039755770114335544,0.0348310619308001,0.0017658315486588638,0.040638685888664976
171,17.0,0.0472449562095371,0.0484175416947496,0.05008363860117193,-0.001172585485212499,0.04783124895214335
8,17.0,0.058876900715712194,0.06334328640913597,0.0633751467242697,-0.00446638569342378,0.061110093562424084
106,17.0,0.04485022920360764,0.04375963907674786,0.043692308062504126,0.001090590126859782,0.04430493414017775
83,17.0,0.04259031562333779,0.039177184970399265,0.039192992856295183,0.003413130652938523,0.040883750296868526
27,17.0,0.09899044055889294,0.1009397729355778,0.10260925455173844,-0.001949332376684862,0.09996510674723538
153,17.0,0.04381444881565519,0.041460063187173414,0.04157353534439312,0.002354385628481774,0.0426372560014143
85,17.0,0.04542903727307405,0.04543788263076373,0.04510550529243906,-8.845357689683808e-06,0.045433459951918886
70,17.0,0.04280912990193632,0.0401300031589607,0.03949468883320662,0.0026791267429756155,0.04146956653044851
80,17.0,0.25085378959311244,0.24805557280467821,0.2407406521974137,0.002798216788434227,0.24945468119889533
109,17.0,0.04304031836095006,0.03954509817047703,0.04090010670457811,0.0034952201904730335,0.041292708265713546
129,17.0,0.19923723010233274,0.20423262481965765,0.19939549548048607,-0.004995394717324908,0.2017349274609952
74,17.0,0.04242060597215973,0.03986205025330394,0.03930134754600378,0.0025585557188557845,0.041141328112731836
79,17.0,0.08579434291865295,0.08469705139066366,0.08816692742873866,0.0010972915279892914,0.08524569715465831
20,18.0,0.0930999848913838,0.09774654540701048,0.0966857862521916,-0.004646560515626688,0.09542326514919713
60,18.0,0.05796898403982132,0.061253358420321535,0.06306936701377175,-0.0032843743805002143,0.059611171230071425
13,18.0,0.045149553262429684,0.048737941570757636,0.0489612951466416,-0.0035883883083279514,0.046943747416593656
132,18.0,0.051434053296925686,0.05383476274719504,0.05318403747633471,-0.0024007094502693574,0.05263440802206036
115,18.0,0.04487855649881575,0.04699613504808352,0.04981558490747662,-0.002117578549267765,0.045937345773449635
124,18.0,0.14300529232743517,0.1505774384156597,0.1508714509965463,-0.007572146088224541,0.14679136537154744
32,18.0,0.242894027671842,0.24110834240273374,0.2312570946583007,0.0017856852691082725,0.24200118503728787
23,18.0,0.05315910831394076,0.05559110680648789,0.05666086595726494,-0.0024319984925471327,0.054375107560214325
89,18.0,0.05593908564245591,0.05631999725097944,0.057312690360739486,-0.0003809116085235348,0.056129541446717675
16,18.0,0.04189204735856314,0.04034838401680081,0.04104921304894271,0.0015436633417623274,0.041120215687681975
102,18.0,0.04977285441715948,0.04984537157574102,0.051176039674694085,-7.25171585815379e-05,0.049809112996450244
41,18.0,0.04160297522842888,0.04196574921067506,0.03923899451386082,-0.000362773982246177,0.041784362219551965
64,18.0,0.04426707000390112,0.04517854979025857,0.046977277806125935,-0.0009114797863574511,0.04472280989707984
164,18.0,0.04160297522842888,0.04279537501082217,0.04037649950962463,-0.0011923997823932928,0.04219917511962552
68,18.0,0.04704389564086432,0.04925857814681536,0.05124744143364346,-0.0022146825059510405,0.04815123689383984
27,18.0,0.09888274252429194,0.10072414812355018,0.10267832731957073,-0.0018414055992582445,0.09980344532392106
45,18.0,0.08548316094692923,0.08850098459767407,0.09048427573435193,-0.003017823650744836,0.08699207277230164
127,18.0,0.1997060265213622,0.2036642506297605,0.19800083223286524,-0.0039582241083983005,0.20168513857556136
145,19.0,0.04043550474411402,0.040751273629759895,0.040234185309021016,-0.0003157688856458771,0.04059338918693696
24,19.0,0.04230107079859473,0.04098792214256108,0.04452857589795478,0.001313148656033651,0.0416444964705779
149,19.0,0.21567792395598537,0.19460350498639695,0.1881255199668651,0.02107441896958842,0.20514071447119114
41,19.0,0.04007817297161259,0.04263436763818183,0.03905293497867535,-0.002556194666569242,0.04135627030489721
15,19.0,0.06723763568821836,0.07464192262661946,0.07337362878167253,-0.007404286938401103,0.07093977915741892
109,19.0,0.04031537453037519,0.03929058366089113,0.040447529508925606,0.0010247908694840588,0.039802979095633156
135,19.0,0.03965291808658728,0.03968893409198485,0.038932455133759536,-3.6016005397571105e-05,0.03967092608928607
123,19.0,0.0928778758308611,0.10314356410439907,0.10160482030098272,-0.010265688273537965,0.09801071996763008
138,19.0,0.06683082623368322,0.07592178974780063,0.07381834444588342,-0.009090963514117409,0.07137630799074193
169,19.0,0.05343255494849991,0.05609369859132236,0.05695805959868761,-0.0026611436428224527,0.05476312676991114
124,19.0,0.1460282049417515,0.149772283230665,0.1496556295610333,-0.0037440782889134883,0.14790024408620825
14,19.0,0.05622792428200547,0.06049790600224436,0.06171131549110088,-0.0042699817202388884,0.05836291514212492
111,19.0,0.050665938971703905,0.05159414396299812,0.053403082688595616,-0.0009282049912942153,0.05113004146735101
102,19.0,0.048406790243408875,0.048921260152893574,0.0509556985498949,-0.0005144699094846994,0.048664025198151224
30,19.0,0.05311860171232212,0.05459387901184919,0.05659167181164804,-0.0014752772995270738,0.05385624036208565
144,19.0,0.05663914104814521,0.05577893003854457,0.06039377910974431,0.0008602110096006393,0.05620903554334489
159,19.0,0.05520946605033161,0.056057929532879205,0.0586510032841796,-0.0008484634825475929,0.05563369779160541
57,19.0,0.055372570653502526,0.0572189848396175,0.05840758053716344,-0.0018464141861149752,0.05629577774656001
149,20.0,0.23859515828762703,0.20457142347709742,0.18921578262594246,0.034023734810529616,0.22158329088236223
80,20.0,0.26717656697954706,0.2679826165754604,0.2470479939956103,-0.0008060495959133496,0.26757959177750373
152,20.0,0.038172995036345206,0.03781644359404485,0.03958803906090425,0.0003565514423003527,0.03799471931519503
70,20.0,0.038172995036345206,0.03723041423662042,0.03870090936353388,0.0009425807997247848,0.03770170463648281
107,20.0,0.038914917069777386,0.039227624684405035,0.04127408859277626,-0.00031270761462764973,0.03907127087709121
117,20.0,0.06202597818273329,0.062358186389423115,0.06716799690518471,-0.0003322082066898255,0.0621920822860782
160,20.0,0.037743856084580744,0.03803482699906859,0.040166013452260674,-0.00029097091448784806,0.03788934154182467
165,20.0,0.05096371213618814,0.05121496336105736,0.05285008588230933,-0.0002512512248692214,0.051089337748622746
170,20.0,0.21021418494228822,0.2030046968010482,0.20010276219559864,0.007209488141240006,0.20660944087166822
91,20.0,0.041009712897441916,0.04212474274030272,0.047016455399430335,-0.0011150298428608055,0.041567227818872315
102,20.0,0.046614972061604365,0.046253327697407955,0.050714154988156124,0.0003616443641964104,0.046434149879506156
64,20.0,0.041009712897441916,0.04295670218442601,0.04653102911701856,-0.0019469892869840924,0.04198320754093396
6,20.0,0.03817037401544925,0.038552285336772345,0.03884749878362659,-0.0003819113213230918,0.0383613296761108
27,21.0,0.09805790862396714,0.0996090444510933,0.07275388678950923,-0.0015511358271261544,0.09883347653753022
89,21.0,0.05192607484648385,0.05137167305247678,0.04710208003040839,0.0005544017940070714,0.05164887394948031
20,21.0,0.08989636534580348,0.09781205432414695,0.09732695770102097,-0.00791568897834348,0.09385420983497522
39,21.0,0.05743180827740897,0.058795768697371936,0.053742417629322865,-0.0013639604199629646,0.058113788487390454
68,21.0,0.04167001775078137,0.04412105507570243,0.04187979691854227,-0.0024510373249210585,0.0428955364132419
159,21.0,0.052258301416226505,0.05183795793267287,0.05217020812815898,0.00042034348355363127,0.05204812967444969
66,21.0,0.2235553580375732,0.1914062550249197,0.16493577105756665,0.0321491030126535,0.20748080653124645
29,21.0,0.047621998485718964,0.046640467853975895,0.04969854395846185,0.0009815306317430689,0.04713123316984743
160,21.0,0.03536866810699534,0.03288973632924348,0.030784601981171836,0.0024789317777518596,0.03412920221811941
103,21.0,0.14176212111618172,0.1451829036941319,0.17208359355010372,-0.003420782577950171,0.1434725124051568
79,21.0,0.0818628020325492,0.08208177175920717,0.08205218615417709,-0.00021896972665796932,0.08197228689587818
152,21.0,0.03582571332748448,0.03288531447182545,0.029577201104784127,0.0029403988556590266,0.034355513899654966
106,21.0,0.03819679171436388,0.036373757549628793,0.03424120613526915,0.0018230341647350878,0.03728527463199634
171,21.0,0.04058756412074442,0.04357655483166112,0.03963141299248263,-0.0029889907109166974,0.04208205947620277
114,21.0,0.03517062820904776,0.032086274850644934,0.027579675624698208,0.0030843533584028263,0.03362845152984635
23,21.0,0.048415106931729346,0.0508356193656422,0.04916882320695815,-0.0024205124339128567,0.04962536314868578
36,22.0,0.049209206912457754,0.05478956692515051,0.05355349479636429,-0.005580360012692756,0.05199938691880413
39,22.0,0.05617262651910847,0.04901083361243945,0.05390649306760365,0.007161792906669018,0.05259173006577396
20,22.0,0.0877908575495469,0.09646606391837996,0.09998678579145737,-0.008675206368833066,0.09212846073396343
22,22.0,0.032282362473378054,0.028946015207201727,0.02951313766547592,0.0033363472661763274,0.03061418884028989
40,22.0,0.5480363588804087,0.43583898343562205,0.5266772840337739,0.11219737544478664,0.49193767115801534
169,22.0,0.04750432019245149,0.041559721679684074,0.0492554414867612,0.005944598512767414,0.044532020936067784
143,22.0,0.12209613744482367,0.11017227747361162,0.11975596510584753,0.01192385997121205,0.11613420745921765
116,22.0,0.4389379987344737,0.3642848190324892,0.4339137821039519,0.07465317970198448,0.40161140888348146
73,22.0,0.26556375865601106,0.28463506880784906,0.2637333135003741,-0.019071310151837995,0.27509941373193003
147,22.0,0.03544394219949503,0.03227952884975415,0.0343440100636313,0.00316441334974088,0.03386173552462459
134,22.0,0.0574698959487463,0.05130233223462621,0.04939554603536889,0.006167563714120083,0.054386114091686255
55,22.0,0.033690602659123596,0.03239078849538817,0.03210908550909242,0.0012998141637354244,0.033040695577255884
125,22.0,0.031658823135753245,0.030055707427454087,0.024147790404644875,0.0016031157082991576,0.030857265281603666
69,22.0,0.04122287871450361,0.037004236380310564,0.04669468119088505,0.004218642334193043,0.039113557547407085
113,22.0,0.04080527365048196,0.03927710582514265,0.037951967055345766,0.0015281678253393147,0.0400411897378123
86,22.0,0.03336603368616203,0.029978167517324412,0.030083788557932038,0.0033878661688376208,0.03167210060174322
75,22.0,0.031879350798400305,0.030002968773081375,0.024531525506895413,0.0018763820253189303,0.03094115978574084
32,22.0,0.28711741740681607,0.3395688561349576,0.2892078873132855,-0.05245143872814151,0.3133431367708868
162,22.0,0.03530481807070686,0.030954770915410372,0.033776924572197935,0.004350047155296487,0.03312979449305861
166,22.0,0.05920023005559262,0.059984507902051995,0.056828829541614063,-0.0007842778464593747,0.05959236897882231
9,22.0,0.16986850865121766,0.17255250291913743,0.1671586920527639,-0.002683994267919765,0.17121050578517755
67,22.0,0.03679454502341889,0.03331552470517942,0.03759666776799009,0.003479020318239469,0.03505503486429916
90,23.0,0.03248964873038919,0.02986128119910765,0.02836050555212555,0.002628367531281539,0.03117546496474842
77,23.0,0.0392573481571784,0.03893150104933024,0.04227000797767366,0.0003258471078481581,0.039094424603254324
161,23.0,0.03306769828267921,0.034649700380485766,0.027794347246502427,-0.0015820020978065535,0.03385869933158249
119,23.0,0.029809421365280878,0.0307971349655295,0.022005628413008127,-0.0009877136002486228,0.03030327816540519
51,23.0,0.02956044192847445,0.02637030514975363,0.021663971097410358,0.00319013677872082,0.02796537353911404
134,23.0,0.05609797951227107,0.04300423348299115,0.042183506780457465,0.013093746029279922,0.049551106497631114
125,23.0,0.02828337804710478,0.02919907212394368,0.016542611543030942,-0.0009156940768389014,0.02874122508552423
97,23.0,0.28891639408237385,0.3157151921216205,0.282051387564394,-0.026798798039246674,0.3023157931019972
49,23.0,0.060156948068744234,0.056385554569453586,0.05295771643767322,0.0037713934992906484,0.05827125131909891
74,23.0,0.02912885236408981,0.025816697060455793,0.02243476293707669,0.003312155303634018,0.0274727747122728
2,23.0,0.2053713581163655,0.15896206436057048,0.1835604712091924,0.04640929375579503,0.182166711238468
130,23.0,0.049668352667491235,0.041134322005447366,0.04439953366749472,0.008534030662043869,0.0454013373364693
28,23.0,0.04478333063700295,0.047430089613570064,0.04409914926880343,-0.002646758976567118,0.046106710125286506
65,23.0,0.04995951375896027,0.043720216301809646,0.03556020547890515,0.006239297457150621,0.04683986503038495
84,23.0,0.0941947070671022,0.08160949502601916,0.08124159875463988,0.012585212041083038,0.08790210104656068
143,23.0,0.12381506306908466,0.12002213736080818,0.11078829095670296,0.0037929257082764817,0.12191860021494641
128,23.0,0.04661971814251369,0.05160108376032442,0.05497649046858322,-0.004981365617810728,0.04911040095141905
21,23.0,0.10563021182771179,0.10201604593588273,0.12756839921869945,0.0036141658918290576,0.10382312888179726
34,23.0,0.03248964873038919,0.03347887659633441,0.02945927223897005,-0.0009892278659452206,0.032984262663361796
150,23.0,0.0614732603293927,0.06645175371130996,0.08148220672713169,-0.004978493381917255,0.06396250702035133
106,24.0,0.027986539521682004,0.02860868700974814,0.026900902870796828,-0.0006221474880661361,0.028297613265715074
43,24.0,0.1043357215884802,0.10809266674847065,0.12630794844313065,-0.003756945159990449,0.10621419416847543
2,24.0,0.21978268290661734,0.19120745625172364,0.16993414095810222,0.028575226654893704,0.2054950695791705
57,24.0,0.042717836166856184,0.042430225098147784,0.042407852118896416,0.0002876110687084002,0.04257403063250198
13,24.0,0.02936096439394032,0.0309872858071304,0.03289967792347215,-0.0016263214131900794,0.03017412510053536
103,24.0,0.14402531332992435,0.16907106618271933,0.15525801739988887,-0.025045752852794978,0.15654818975632184
139,24.0,0.07894545076417922,0.0817831272047223,0.08357664554324329,-0.0028376764405430854,0.08036428898445076
122,24.0,0.10746719188721665,0.10550125251004702,0.09519429185800854,0.0019659393771696287,0.10648422219863184
147,24.0,0.027923871147807686,0.030667784559299784,0.025068718561667924,-0.002743913411492098,0.029295827853553735
90,24.0,0.028414156489592737,0.027234022426826404,0.02814351140700333,0.0011801340627663331,0.02782408945820957
22,24.0,0.024723396520585326,0.02497713878504291,0.022204484397068347,-0.0002537422644575821,0.024850267652814118
14,24.0,0.04616729606493411,0.03766044320764962,0.04416643442035828,0.008506852857284489,0.041913869636291866
73,24.0,0.2998322374172155,0.3085616460538169,0.3028396045686769,-0.008729408636601432,0.3041969417355162
157,24.0,0.024723396520585326,0.024763701855548798,0.020552821881527628,-4.030533496347105e-05,0.024743549188067062
60,24.0,0.047419656122082716,0.04672566621352155,0.049611479947498933,0.0006939899085611698,0.047072661167802135
30,24.0,0.0397793420051394,0.04273560901447057,0.05394598195354017,-0.0029562670093311733,0.041257475509804985
52,24.0,0.4357404856541247,0.491953017512397,0.4522243908863887,-0.0562125318582723,0.46384675158326083
59,24.0,0.04753439669037103,0.03084922112806187,0.03846877266823734,0.01668517556230916,0.03919180890921645
107,24.0,0.026880582634424426,0.027686794178371867,0.02486918525498072,-0.0008062115439474403,0.027283688406398145
142,24.0,0.068971490412443,0.044582728925819784,0.026457141069133442,0.024388761486623223,0.056777109669131395
8,24.0,0.048864090692405604,0.05027561390131912,0.05881505046260184,-0.0014115232089135163,0.049569852296862366
9,25.0,0.18801263023653655,0.18360035670565317,0.19490823071107088,0.004412273530883387,0.18580649347109485
151,25.0,0.04269949469209044,0.04481076718990288,0.04156839754120134,-0.0021112724978124414,0.04375513094099666
165,25.0,0.03477785113831433,0.030390133414740936,0.035793080967410185,0.004387717723573395,0.03258399227652763
17,25.0,0.0218595903237244,0.023276879419542644,0.02004540405203404,-0.0014172890958182444,0.022568234871633522
166,25.0,0.054497288154319486,0.03348110658416325,0.04332749189980234,0.021016181570156237,0.04398919736924137
19,25.0,0.025260717275246057,0.03248808887646489,0.030959553920831606,-0.007227371601218835,0.028874403075855475
63,25.0,0.06474820720620386,0.06667683364098825,0.06168513940142618,-0.0019286264347843918,0.06571252042359606
99,25.0,0.3468079925231936,0.3349982826953006,0.3992454979881401,0.011809709827893033,0.34090313760924706
83,25.0,0.020482983938217153,0.021556095826603436,0.01762510553532637,-0.0010731118883862828,0.021019539882410294
61,25.0,0.33852949247147845,0.1952041444923941,0.21222452307435213,0.14332534797908436,0.2668668184819363
103,25.0,0.14477973815612313,0.1620016228241386,0.1639997222532943,-0.01722188466801547,0.15339068049013088
31,25.0,0.10780309119933273,0.1120566598588528,0.16627086302625316,-0.004253568659520063,0.10992987552909277
